experience,test_score_outof_10,interview_score_outof_10,salary
1,8.0,9,55163.02765647743
0,4.0,6,38351.528384279474
5,5.0,7,56467.24890829694
2,8.0,10,60181.22270742358
7,10.0,8,73526.92867540028
0,2.0,6,34660.11644832605
10,8.0,6,73863.90101892284
11,7.0,9,81446.87045123725
12,8.0,10,88310.7714701601
3,9.0,9,62634.643377001456
